                  epoch,         train/box_loss,         train/cls_loss,         train/dfl_loss,   metrics/precision(B),      metrics/recall(B),       metrics/mAP50(B),    metrics/mAP50-95(B),           val/box_loss,           val/cls_loss,           val/dfl_loss,                 lr/pg0,                 lr/pg1,                 lr/pg2
                      1,                  1.834,                 2.3314,                 1.8849,                0.00175,                0.15802,                0.00101,                0.00034,                    nan,                    nan,                    nan,               0.000659,               0.000659,               0.000659
                      2,                 1.9084,                 2.0969,                 1.9591,                0.00434,                0.04717,                0.00155,                0.00039,                 3.7844,                 9.1741,                 6.3415,              0.0013175,              0.0013175,              0.0013175
                      3,                 1.8971,                  2.065,                 1.9229,                0.06706,                 0.0967,                  0.028,                0.01095,                 2.5972,                 6.5688,                 2.7158,              0.0019677,              0.0019677,              0.0019677
                      4,                 1.8115,                 1.9469,                 1.8513,                0.22092,                0.23821,                0.13877,                0.05264,                 2.2661,                 4.4302,                 2.3573,              0.0019629,              0.0019629,              0.0019629
                      5,                 1.7647,                  1.837,                 1.7986,                0.45101,                0.26179,                0.23924,                0.09261,                 2.1495,                 3.4598,                 2.3262,              0.0019629,              0.0019629,              0.0019629
                      6,                 1.7088,                 1.7153,                 1.7512,                0.41595,                0.30425,                0.28713,                0.12188,                 2.1606,                 2.6499,                 2.2526,              0.0019505,              0.0019505,              0.0019505
                      7,                  1.683,                   1.68,                 1.7408,                0.41483,                0.24764,                0.25102,                0.10778,                 2.0462,                 2.4647,                 2.0789,              0.0019381,              0.0019381,              0.0019381
                      8,                 1.6246,                 1.5679,                  1.693,                0.56108,                0.39858,                0.41463,                0.17176,                 1.9117,                 2.1664,                 1.9829,              0.0019258,              0.0019258,              0.0019258
                      9,                  1.609,                 1.5559,                 1.6839,                0.59062,                0.40831,                0.43034,                 0.1872,                 1.9784,                 2.0383,                 2.0032,              0.0019134,              0.0019134,              0.0019134
                     10,                 1.6054,                 1.5589,                 1.6786,                 0.5269,                 0.4316,                0.45303,                0.22099,                 1.7298,                 1.9306,                 1.8061,               0.001901,               0.001901,               0.001901
                     11,                 1.5856,                 1.5161,                 1.6657,                0.64109,                0.56451,                0.60345,                0.28816,                 1.6813,                 1.5595,                 1.7197,              0.0018886,              0.0018886,              0.0018886
                     12,                 1.5431,                  1.405,                 1.6227,                0.59361,                0.51651,                0.56432,                 0.2727,                 1.7627,                 1.6282,                 1.7584,              0.0018763,              0.0018763,              0.0018763
                     13,                  1.518,                 1.3881,                  1.616,                0.61144,                0.51651,                0.54955,                0.27098,                 1.7872,                 1.7432,                 1.8175,              0.0018639,              0.0018639,              0.0018639
                     14,                 1.4956,                  1.368,                  1.596,                0.67299,                0.50472,                 0.5832,                0.31225,                 1.6246,                 1.6619,                 1.7246,              0.0018515,              0.0018515,              0.0018515
                     15,                 1.5022,                 1.3482,                 1.6093,                0.62872,                0.59434,                 0.6089,                0.31822,                 1.6581,                 1.5276,                 1.7347,              0.0018391,              0.0018391,              0.0018391
                     16,                 1.4812,                 1.3262,                  1.587,                 0.6396,                0.54953,                0.58683,                0.29021,                 1.6349,                 1.6068,                 1.6971,              0.0018267,              0.0018267,              0.0018267
                     17,                 1.4856,                 1.3208,                 1.6099,                 0.6356,                0.51887,                0.57552,                0.29904,                 1.7103,                  1.576,                 1.7492,              0.0018144,              0.0018144,              0.0018144
                     18,                 1.4377,                 1.2499,                  1.556,                0.73879,                0.49528,                 0.6234,                0.32557,                 1.7137,                 1.5024,                 1.7397,               0.001802,               0.001802,               0.001802
                     19,                 1.4202,                 1.2437,                 1.5687,                0.68266,                0.53781,                0.62064,                0.33983,                 1.5592,                 1.4896,                 1.6696,              0.0017896,              0.0017896,              0.0017896
                     20,                 1.4223,                 1.2053,                 1.5387,                 0.6905,                0.60849,                0.68968,                0.35818,                 1.5749,                 1.3206,                 1.6338,              0.0017772,              0.0017772,              0.0017772
                     21,                 1.4399,                 1.2211,                 1.5683,                0.70091,                0.49764,                0.57727,                0.32381,                 1.5931,                  1.516,                 1.7008,              0.0017649,              0.0017649,              0.0017649
                     22,                 1.4184,                 1.2052,                 1.5534,                0.63907,                0.51179,                0.52348,                0.27768,                 1.6498,                 1.6476,                  1.747,              0.0017525,              0.0017525,              0.0017525
                     23,                 1.3928,                  1.193,                 1.5469,                 0.5893,                0.54717,                0.56289,                0.31081,                 1.6198,                 1.6028,                 1.7327,              0.0017401,              0.0017401,              0.0017401
                     24,                 1.3859,                 1.1557,                 1.5277,                0.63342,                0.44811,                0.51461,                0.28109,                 1.6913,                 1.8957,                 1.7751,              0.0017278,              0.0017278,              0.0017278
                     25,                 1.4117,                 1.1666,                 1.5451,                0.63101,                0.51626,                0.57053,                0.31828,                 1.6227,                 1.6678,                 1.7312,              0.0017154,              0.0017154,              0.0017154
                     26,                 1.3676,                 1.1316,                 1.5065,                0.67289,                 0.6113,                0.65003,                 0.3679,                 1.4638,                 1.3277,                 1.5948,               0.001703,               0.001703,               0.001703
                     27,                 1.3509,                 1.0828,                 1.5051,                 0.6701,                0.59404,                0.63926,                0.34996,                 1.5805,                 1.3457,                 1.7005,              0.0016906,              0.0016906,              0.0016906
                     28,                 1.2926,                 1.0318,                 1.4601,                0.64893,                0.57783,                0.61424,                0.34782,                 1.4589,                 1.4077,                 1.6016,              0.0016783,              0.0016783,              0.0016783
                     29,                  1.286,                  1.029,                 1.4655,                0.70343,                0.62972,                0.69553,                0.37634,                 1.5757,                 1.2061,                 1.6896,              0.0016659,              0.0016659,              0.0016659
                     30,                 1.2777,                  1.015,                 1.4574,                0.65669,                0.62028,                0.63766,                 0.3668,                 1.5167,                 1.3109,                 1.6654,              0.0016535,              0.0016535,              0.0016535
                     31,                 1.2819,                 1.0207,                 1.4556,                0.69367,                0.55009,                 0.6464,                0.36326,                 1.4886,                 1.3425,                 1.5923,              0.0016411,              0.0016411,              0.0016411
                     32,                 1.2429,                0.97993,                 1.4182,                0.70896,                0.56132,                0.63998,                0.37729,                 1.4696,                 1.3899,                 1.5886,              0.0016287,              0.0016287,              0.0016287
                     33,                 1.2611,                0.99232,                 1.4298,                0.63604,                0.51887,                0.57102,                0.33865,                 1.5092,                 1.4731,                 1.6316,              0.0016164,              0.0016164,              0.0016164
                     34,                  1.216,                0.94511,                 1.4047,                0.67585,                0.54092,                0.60321,                0.34496,                 1.5402,                 1.4872,                  1.675,               0.001604,               0.001604,               0.001604
                     35,                 1.1917,                0.91474,                 1.3914,                0.73688,                0.61792,                0.70213,                0.40607,                 1.4837,                 1.2743,                 1.6021,              0.0015916,              0.0015916,              0.0015916
                     36,                 1.1791,                0.91147,                  1.383,                0.65954,                0.58019,                0.62508,                 0.3455,                 1.5719,                 1.3139,                  1.743,              0.0015793,              0.0015793,              0.0015793
                     37,                 1.2005,                0.93098,                   1.41,                0.75842,                0.59198,                0.68772,                0.39501,                 1.5231,                 1.3019,                 1.6658,              0.0015669,              0.0015669,              0.0015669
                     38,                 1.1501,                0.84563,                 1.3621,                0.66487,                0.55681,                0.60366,                0.34567,                 1.5909,                 1.5112,                 1.7227,              0.0015545,              0.0015545,              0.0015545
                     39,                 1.1603,                0.89605,                   1.38,                0.66922,                0.57075,                0.61744,                0.35493,                 1.5363,                 1.3604,                 1.6856,              0.0015421,              0.0015421,              0.0015421
                     40,                 1.1358,                0.84314,                 1.3498,                0.73469,                 0.5967,                0.67389,                0.39807,                 1.4889,                 1.3117,                 1.6223,              0.0015298,              0.0015298,              0.0015298
                     41,                 1.1677,                0.88543,                 1.3729,                0.83062,                0.52123,                0.65079,                 0.3825,                 1.4743,                 1.4137,                 1.6035,              0.0015174,              0.0015174,              0.0015174
                     42,                 1.1179,                0.83838,                 1.3448,                0.76577,                0.53538,                0.65073,                0.38335,                 1.4947,                 1.3684,                  1.684,               0.001505,               0.001505,               0.001505
                     43,                 1.1207,                0.83919,                 1.3444,                0.66804,                0.59198,                0.66173,                0.38569,                 1.5179,                  1.303,                 1.6921,              0.0014926,              0.0014926,              0.0014926
                     44,                 1.1087,                0.84308,                 1.3438,                0.68753,                0.66038,                0.70202,                0.40436,                 1.5122,                 1.2278,                 1.6794,              0.0014803,              0.0014803,              0.0014803
                     45,                 1.1193,                0.84579,                 1.3316,                0.71303,                0.59198,                0.67379,                0.40003,                 1.4537,                 1.2853,                 1.6474,              0.0014679,              0.0014679,              0.0014679
                     46,                 1.0856,                0.76915,                 1.3072,                0.69219,                0.58491,                  0.629,                0.36835,                 1.5676,                 1.3572,                 1.7614,              0.0014555,              0.0014555,              0.0014555
                     47,                 1.0898,                0.80791,                 1.3215,                0.67911,                0.58491,                0.62893,                0.37186,                 1.5195,                 1.3574,                 1.7055,              0.0014431,              0.0014431,              0.0014431
                     48,                 1.0847,                0.77908,                 1.3137,                0.72575,                0.61166,                0.69686,                0.40962,                 1.4961,                 1.2202,                 1.6657,              0.0014307,              0.0014307,              0.0014307
                     49,                 1.1149,                0.78798,                 1.3327,                0.72187,                0.62972,                0.70043,                0.40493,                 1.5245,                 1.2968,                 1.7216,              0.0014184,              0.0014184,              0.0014184
                     50,                 1.0647,                0.75387,                 1.3092,                0.68419,                0.61321,                0.66046,                0.38776,                 1.5049,                 1.3924,                 1.6581,               0.001406,               0.001406,               0.001406
                     51,                 1.0531,                0.75374,                 1.2821,                0.75942,                0.60613,                0.69989,                0.41775,                 1.4583,                 1.2019,                 1.6782,              0.0013936,              0.0013936,              0.0013936
                     52,                 1.0475,                0.75181,                 1.2937,                0.74977,                0.57075,                0.65272,                0.39244,                 1.4373,                 1.3137,                 1.6429,              0.0013813,              0.0013813,              0.0013813
                     53,                 1.0405,                0.77587,                 1.2907,                0.71075,                0.55189,                0.63353,                0.38792,                 1.4398,                 1.3802,                 1.6416,              0.0013689,              0.0013689,              0.0013689
                     54,                 1.0253,                0.74605,                 1.2781,                0.74694,                0.61557,                0.70697,                0.42728,                 1.3875,                  1.198,                 1.5923,              0.0013565,              0.0013565,              0.0013565
                     55,                 1.0067,                0.72399,                 1.2615,                 0.8234,                0.55189,                0.67498,                0.40774,                 1.4391,                 1.3725,                 1.6058,              0.0013441,              0.0013441,              0.0013441
                     56,                 1.0246,                0.72587,                 1.2802,                0.69955,                0.58491,                0.66193,                0.39132,                 1.4674,                 1.3154,                 1.6384,              0.0013318,              0.0013318,              0.0013318
                     57,                0.98873,                 0.7052,                 1.2519,                0.74994,                0.62736,                0.71667,                0.44177,                 1.4121,                 1.2595,                 1.6564,              0.0013194,              0.0013194,              0.0013194
                     58,                0.97629,                 0.6885,                 1.2465,                0.73594,                0.61557,                0.68673,                0.41105,                 1.4199,                 1.2215,                  1.629,               0.001307,               0.001307,               0.001307
                     59,                0.98259,                0.69872,                 1.2429,                0.72878,                0.57037,                0.66222,                 0.3956,                  1.418,                 1.3451,                 1.6106,              0.0012946,              0.0012946,              0.0012946
                     60,                0.98351,                 0.7076,                 1.2481,                0.73414,                0.61792,                0.67339,                0.40258,                 1.4416,                 1.1812,                 1.6472,              0.0012822,              0.0012822,              0.0012822
                     61,                0.96008,                0.66765,                 1.2295,                0.74458,                0.61876,                0.69964,                0.40994,                  1.521,                 1.2821,                 1.7303,              0.0012699,              0.0012699,              0.0012699
                     62,                 0.9434,                0.65734,                 1.2153,                0.79161,                0.63611,                0.72819,                0.43489,                 1.3692,                 1.1539,                 1.6049,              0.0012575,              0.0012575,              0.0012575
                     63,                0.96062,                0.67422,                 1.2382,                0.77864,                0.55896,                0.64207,                0.38825,                 1.4417,                 1.3749,                 1.6668,              0.0012451,              0.0012451,              0.0012451
                     64,                0.94857,                0.64747,                 1.2218,                0.76121,                0.56604,                0.65218,                0.39561,                 1.4025,                 1.3302,                  1.645,              0.0012328,              0.0012328,              0.0012328
                     65,                0.93742,                0.64763,                 1.2202,                0.72698,                0.60377,                0.66003,                0.39171,                 1.4705,                 1.3537,                 1.6743,              0.0012204,              0.0012204,              0.0012204
                     66,                0.91983,                0.64774,                 1.2022,                0.81438,                0.61052,                0.72415,                0.43485,                 1.3713,                 1.1726,                 1.6024,               0.001208,               0.001208,               0.001208
                     67,                0.93274,                0.63667,                   1.21,                0.75417,                 0.5499,                0.65456,                0.38765,                 1.4542,                 1.3003,                 1.6412,              0.0011956,              0.0011956,              0.0011956
                     68,                0.91004,                 0.6323,                 1.1998,                0.79691,                0.62004,                0.71436,                0.42874,                 1.4119,                  1.238,                 1.6002,              0.0011833,              0.0011833,              0.0011833
                     69,                0.91618,                0.62039,                 1.1971,                 0.7674,                0.57075,                0.69542,                0.43302,                 1.3965,                  1.327,                 1.5892,              0.0011709,              0.0011709,              0.0011709
                     70,                0.89936,                0.62316,                 1.1884,                0.67905,                0.61375,                0.66271,                0.39765,                 1.4723,                 1.3086,                  1.714,              0.0011585,              0.0011585,              0.0011585
                     71,                0.89401,                0.61446,                 1.1863,                 0.7262,                0.63679,                0.70437,                0.41326,                 1.4263,                 1.2276,                 1.6233,              0.0011461,              0.0011461,              0.0011461
                     72,                0.89915,                0.62935,                 1.1942,                0.69358,                0.58189,                0.64363,                0.39074,                 1.4603,                 1.3067,                 1.6792,              0.0011337,              0.0011337,              0.0011337
                     73,                0.88734,                0.60351,                 1.1869,                0.72158,                0.61737,                0.67297,                0.40834,                 1.4378,                 1.2561,                 1.6533,              0.0011214,              0.0011214,              0.0011214
                     74,                0.89132,                0.60575,                 1.1896,                0.69059,                0.54745,                0.62791,                0.38054,                 1.4164,                 1.4183,                 1.6162,               0.001109,               0.001109,               0.001109
                     75,                0.87992,                0.59898,                 1.1748,                0.78023,                0.58019,                0.67271,                0.41506,                  1.395,                 1.2973,                 1.6383,              0.0010966,              0.0010966,              0.0010966
                     76,                0.88127,                0.59944,                 1.1868,                0.80649,                0.57994,                0.67775,                0.40475,                 1.4808,                 1.3088,                 1.6663,              0.0010842,              0.0010842,              0.0010842
                     77,                0.86111,                0.59016,                 1.1728,                0.73781,                0.58726,                0.67332,                0.40111,                  1.412,                 1.2346,                 1.6255,              0.0010719,              0.0010719,              0.0010719
                     78,                0.85654,                0.58942,                 1.1535,                0.75503,                0.59198,                0.66783,                0.39801,                 1.4733,                 1.2204,                 1.7159,              0.0010595,              0.0010595,              0.0010595
                     79,                0.82998,                0.56207,                 1.1453,                0.72085,                0.55422,                0.63838,                0.39188,                 1.3858,                 1.4143,                 1.6243,              0.0010471,              0.0010471,              0.0010471
                     80,                0.85384,                0.58328,                 1.1677,                0.76238,                0.57075,                0.66964,                0.41319,                 1.4433,                 1.4601,                 1.6629,              0.0010347,              0.0010347,              0.0010347
                     81,                0.84402,                0.57565,                 1.1587,                0.70723,                0.57783,                0.64616,                0.39079,                 1.3793,                 1.3021,                 1.6119,              0.0010224,              0.0010224,              0.0010224
                     82,                0.82233,                0.56125,                 1.1434,                0.78189,                0.61557,                0.69066,                0.42412,                 1.4332,                 1.3697,                 1.6885,                0.00101,                0.00101,                0.00101
                     83,                0.83286,                0.55623,                  1.142,                0.69675,                0.58491,                0.65359,                0.39784,                 1.4363,                  1.399,                 1.6849,             0.00099763,             0.00099763,             0.00099763
                     84,                0.83468,                0.56807,                 1.1627,                0.79026,                0.55983,                0.65888,                 0.3944,                 1.4716,                  1.455,                 1.6781,             0.00098525,             0.00098525,             0.00098525
                     85,                0.82389,                0.55957,                 1.1488,                0.77066,                0.60849,                0.69175,                0.43702,                 1.3584,                 1.3917,                 1.5976,             0.00097287,             0.00097287,             0.00097287
                     86,                0.80596,                0.56193,                 1.1386,                0.76086,                0.60613,                0.68593,                0.42529,                   1.38,                 1.3526,                 1.6443,              0.0009605,              0.0009605,              0.0009605
                     87,                0.79832,                0.55519,                 1.1275,                0.72461,                0.57547,                0.66468,                0.40204,                 1.4097,                 1.3965,                 1.6079,             0.00094812,             0.00094812,             0.00094812
                     88,                0.81372,                0.55039,                 1.1436,                0.81085,                0.53066,                0.64956,                 0.4138,                 1.4092,                  1.332,                 1.6364,             0.00093575,             0.00093575,             0.00093575
                     89,                0.80105,                 0.5506,                 1.1347,                0.73973,                0.61792,                0.70191,                0.42491,                 1.4187,                  1.205,                 1.6776,             0.00092338,             0.00092338,             0.00092338
                     90,                0.78357,                 0.5276,                 1.1213,                0.73889,                0.60377,                0.67454,                0.40752,                 1.3942,                 1.2171,                 1.6512,               0.000911,               0.000911,               0.000911
                     91,                0.77455,                0.52624,                 1.1168,                0.79811,                 0.5684,                0.67494,                0.41856,                 1.3407,                 1.2663,                 1.5838,             0.00089863,             0.00089863,             0.00089863
                     92,                0.77309,                 0.5332,                 1.1108,                0.70025,                0.64387,                0.69266,                0.43474,                  1.365,                 1.2711,                 1.6202,             0.00088625,             0.00088625,             0.00088625
                     93,                0.76187,                0.52816,                 1.1156,                0.73289,                0.60849,                0.67991,                0.43346,                 1.3836,                 1.3448,                 1.6239,             0.00087388,             0.00087388,             0.00087388
                     94,                0.77419,                0.53326,                 1.1227,                 0.7171,                0.62773,                0.69453,                0.43079,                 1.3782,                 1.1544,                 1.6248,              0.0008615,              0.0008615,              0.0008615
                     95,                0.77909,                0.51694,                 1.1161,                0.77548,                0.59434,                0.66695,                0.42156,                 1.4104,                 1.3562,                 1.6568,             0.00084912,             0.00084912,             0.00084912
                     96,                0.75865,                0.52015,                 1.1043,                0.72333,                0.59434,                0.67603,                0.42997,                 1.3677,                 1.3401,                 1.6513,             0.00083675,             0.00083675,             0.00083675
                     97,                0.74705,                0.50353,                 1.1009,                0.81917,                0.60377,                0.71835,                0.45263,                 1.3486,                 1.1449,                 1.6139,             0.00082438,             0.00082438,             0.00082438
                     98,                0.72509,                0.50418,                 1.0881,                 0.7082,                0.66274,                  0.705,                0.44098,                 1.3841,                 1.2505,                 1.6597,               0.000812,               0.000812,               0.000812
                     99,                0.75181,                0.51618,                 1.1078,                0.77044,                0.58962,                0.68469,                0.42933,                 1.3983,                 1.3618,                 1.6336,             0.00079963,             0.00079963,             0.00079963
                    100,                0.71145,                0.47614,                 1.0799,                0.76146,                0.55189,                 0.6579,                0.41453,                 1.4425,                 1.4586,                  1.681,             0.00078725,             0.00078725,             0.00078725
                    101,                0.73127,                0.48811,                 1.0926,                0.75822,                0.59198,                0.67287,                0.42751,                 1.4061,                 1.3262,                 1.6747,             0.00077487,             0.00077487,             0.00077487
                    102,                0.72954,                0.49688,                 1.0899,                0.68839,                0.63915,                0.67373,                0.42133,                  1.418,                 1.2811,                 1.6737,              0.0007625,              0.0007625,              0.0007625
                    103,                0.69556,                0.46987,                 1.0693,                0.72367,                 0.5967,                0.68568,                0.42368,                 1.4344,                 1.3471,                 1.6865,             0.00075013,             0.00075013,             0.00075013
                    104,                0.71779,                0.49139,                 1.0847,                0.71919,                0.60613,                0.66981,                0.42754,                  1.403,                 1.4427,                 1.6518,             0.00073775,             0.00073775,             0.00073775
                    105,                0.70588,                0.47303,                 1.0712,                0.69826,                0.62736,                0.69076,                0.43487,                 1.3835,                 1.3522,                 1.6361,             0.00072537,             0.00072537,             0.00072537
                    106,                0.70207,                0.47452,                 1.0768,                0.71753,                 0.5967,                0.67886,                0.42973,                 1.3896,                 1.4219,                 1.6214,               0.000713,               0.000713,               0.000713
                    107,                0.70387,                0.48306,                 1.0811,                0.76133,                0.63208,                0.70985,                0.45025,                 1.3923,                 1.2974,                 1.6528,             0.00070063,             0.00070063,             0.00070063
                    108,                0.70437,                0.46934,                 1.0708,                0.84742,                 0.5684,                0.69479,                0.43758,                  1.355,                 1.2856,                 1.5742,             0.00068825,             0.00068825,             0.00068825
                    109,                0.69297,                0.46653,                 1.0694,                0.78612,                0.53774,                0.65397,                0.42234,                 1.3821,                 1.5154,                 1.6544,             0.00067588,             0.00067588,             0.00067588
                    110,                0.68365,                0.46184,                 1.0696,                0.73451,                0.62028,                0.69008,                0.43194,                 1.4018,                 1.2709,                 1.6689,              0.0006635,              0.0006635,              0.0006635
                    111,                0.67817,                0.46346,                 1.0704,                0.75837,                0.58726,                0.68002,                 0.4248,                 1.3985,                 1.3635,                 1.6735,             0.00065113,             0.00065113,             0.00065113
                    112,                0.66733,                0.45315,                 1.0539,                0.77377,                0.58962,                0.68891,                0.43146,                 1.4468,                 1.4001,                 1.7251,             0.00063875,             0.00063875,             0.00063875
                    113,                0.68819,                0.46529,                 1.0697,                0.72596,                0.61855,                0.68668,                0.42894,                 1.4296,                 1.3593,                 1.6885,             0.00062637,             0.00062637,             0.00062637
                    114,                0.66054,                0.45244,                 1.0549,                0.76829,                0.57075,                0.68633,                0.43105,                 1.4225,                 1.2931,                 1.6908,               0.000614,               0.000614,               0.000614
                    115,                0.65708,                0.44631,                 1.0503,                0.70124,                 0.6034,                  0.674,                0.42641,                 1.4441,                 1.3712,                 1.6846,             0.00060162,             0.00060162,             0.00060162
                    116,                0.66111,                0.44922,                 1.0424,                0.76581,                0.59906,                0.68522,                0.43908,                 1.4154,                 1.4133,                 1.6908,             0.00058925,             0.00058925,             0.00058925
                    117,                0.64633,                0.43336,                 1.0445,                0.73641,                 0.5684,                0.65767,                0.40943,                  1.475,                 1.5235,                 1.7228,             0.00057688,             0.00057688,             0.00057688
                    118,                0.64926,                0.43734,                 1.0395,                0.74169,                0.62302,                0.69907,                0.43391,                 1.4572,                 1.3234,                 1.7468,              0.0005645,              0.0005645,              0.0005645
                    119,                0.64957,                0.43414,                 1.0398,                0.73815,                0.60849,                 0.6961,                0.43738,                 1.4295,                 1.4008,                 1.7087,             0.00055213,             0.00055213,             0.00055213
                    120,                0.64588,                0.44003,                 1.0437,                0.76025,                0.59831,                 0.6802,                0.42885,                 1.4344,                 1.3742,                 1.7358,             0.00053975,             0.00053975,             0.00053975
                    121,                0.64834,                0.44498,                 1.0452,                0.79569,                0.56368,                0.69045,                0.43423,                 1.4198,                 1.3566,                 1.6927,             0.00052737,             0.00052737,             0.00052737
                    122,                 0.6463,                0.44302,                 1.0486,                 0.7561,                0.59222,                0.69999,                0.44572,                 1.3689,                 1.3455,                 1.6399,               0.000515,               0.000515,               0.000515
                    123,                0.62373,                0.42326,                 1.0352,                0.75498,                0.58866,                  0.681,                0.42984,                 1.4091,                 1.3233,                 1.6463,             0.00050263,             0.00050263,             0.00050263
                    124,                0.63701,                0.42946,                 1.0445,                0.72852,                0.58228,                0.67592,                0.42726,                 1.3915,                 1.3701,                 1.6606,             0.00049025,             0.00049025,             0.00049025
                    125,                0.62771,                0.41672,                 1.0403,                0.74372,                0.58177,                0.67737,                0.42509,                 1.4076,                 1.4593,                 1.6631,             0.00047787,             0.00047787,             0.00047787
                    126,                0.60931,                 0.4167,                 1.0153,                0.72996,                0.59292,                0.67935,                0.44447,                 1.3909,                 1.4569,                 1.6674,              0.0004655,              0.0004655,              0.0004655
                    127,                0.62138,                0.41723,                  1.038,                0.73675,                0.58962,                0.68843,                0.44288,                 1.3696,                 1.3254,                 1.6353,             0.00045313,             0.00045313,             0.00045313
                    128,                 0.6076,                0.40925,                 1.0324,                  0.732,                0.59906,                0.69611,                0.43871,                 1.3893,                 1.3529,                 1.6432,             0.00044075,             0.00044075,             0.00044075
                    129,                0.61264,                0.41429,                 1.0363,                0.81167,                0.57938,                0.69073,                0.44894,                 1.3727,                 1.3052,                 1.6559,             0.00042838,             0.00042838,             0.00042838
                    130,                0.60208,                0.41578,                 1.0269,                0.76548,                0.59906,                0.68885,                0.45205,                 1.3348,                 1.4279,                 1.5773,               0.000416,               0.000416,               0.000416
                    131,                0.60227,                0.41482,                 1.0264,                0.80757,                0.54245,                0.67208,                0.43434,                 1.3836,                 1.4035,                 1.6621,             0.00040362,             0.00040362,             0.00040362
                    132,                0.60135,                0.41631,                 1.0213,                0.71893,                0.60613,                 0.6776,                0.43613,                 1.4004,                 1.4642,                 1.6946,             0.00039125,             0.00039125,             0.00039125
                    133,                0.59329,                0.40997,                 1.0129,                 0.7501,                0.60173,                0.68153,                0.43831,                 1.4295,                 1.4927,                 1.7088,             0.00037888,             0.00037888,             0.00037888
                    134,                0.59583,                0.40513,                 1.0133,                 0.7491,                0.58445,                0.68645,                0.44145,                 1.3932,                 1.5867,                 1.6756,              0.0003665,              0.0003665,              0.0003665
                    135,                0.58785,                0.39829,                 1.0157,                0.78192,                0.61085,                0.71325,                0.45939,                  1.378,                 1.3472,                   1.68,             0.00035412,             0.00035412,             0.00035412
                    136,                0.59778,                0.39973,                 1.0222,                0.78717,                0.60142,                0.69566,                0.44825,                  1.395,                 1.3571,                 1.7011,             0.00034175,             0.00034175,             0.00034175
                    137,                0.58193,                0.39304,                  1.009,                0.78133,                0.59198,                0.68618,                 0.4414,                 1.3938,                 1.4216,                 1.6681,             0.00032938,             0.00032938,             0.00032938
                    138,                0.56473,                0.38978,                 1.0048,                0.74922,                0.59893,                0.67339,                0.43668,                 1.4101,                 1.3791,                 1.7355,               0.000317,               0.000317,               0.000317
                    139,                0.55665,                0.38118,                 1.0002,                0.77646,                 0.5967,                0.70408,                0.45491,                 1.3804,                 1.3142,                 1.6728,             0.00030463,             0.00030463,             0.00030463
                    140,                0.56807,                0.38584,                 1.0012,                0.78136,                0.58157,                0.70241,                0.45723,                 1.3745,                 1.4185,                 1.6557,             0.00029225,             0.00029225,             0.00029225
                    141,                0.56188,                0.38245,                 1.0107,                0.79637,                 0.5684,                0.67855,                0.43759,                 1.3863,                 1.3915,                 1.6629,             0.00027988,             0.00027988,             0.00027988
                    142,                0.55465,                0.38409,                0.99798,                0.81007,                 0.5633,                0.67142,                0.43364,                 1.3922,                 1.4962,                  1.683,              0.0002675,              0.0002675,              0.0002675
                    143,                0.54989,                 0.3788,                0.99487,                0.77578,                0.60386,                0.68479,                0.44232,                 1.3835,                 1.4796,                 1.6569,             0.00025513,             0.00025513,             0.00025513
                    144,                0.53793,                0.37146,                0.98847,                0.78225,                0.60377,                0.70221,                0.45009,                 1.3886,                 1.3862,                 1.6591,             0.00024275,             0.00024275,             0.00024275
                    145,                 0.5413,                0.37962,                0.99488,                0.81183,                0.57998,                0.68635,                0.43955,                  1.388,                  1.425,                 1.6568,             0.00023037,             0.00023037,             0.00023037
                    146,                0.54225,                0.37044,                0.98997,                0.79226,                0.60377,                0.69137,                0.44496,                 1.3756,                 1.3347,                 1.6559,               0.000218,               0.000218,               0.000218
                    147,                0.54135,                0.36929,                0.99322,                0.81917,                0.57547,                 0.6964,                0.44867,                 1.3844,                 1.4162,                 1.6488,             0.00020562,             0.00020562,             0.00020562
                    148,                0.51737,                0.35751,                0.97659,                 0.8223,                0.58019,                0.68742,                0.44994,                  1.354,                 1.3519,                 1.6215,             0.00019325,             0.00019325,             0.00019325
                    149,                0.52918,                0.35654,                0.98989,                0.77664,                 0.5967,                0.66947,                0.44154,                  1.361,                 1.4646,                 1.6271,             0.00018088,             0.00018088,             0.00018088
                    150,                0.52779,                0.36786,                0.98718,                0.76508,                0.61448,                0.67685,                0.43932,                 1.3554,                 1.3872,                 1.6175,              0.0001685,              0.0001685,              0.0001685
                    151,                 0.5563,                0.30869,                0.98423,                0.77741,                 0.5566,                0.65465,                0.42096,                 1.4074,                 1.4727,                 1.6704,             0.00015612,             0.00015612,             0.00015612
                    152,                0.52083,                0.27915,                0.94762,                0.75066,                0.58491,                 0.6801,                0.43313,                 1.4158,                 1.4224,                  1.677,             0.00014375,             0.00014375,             0.00014375
                    153,                0.51824,                 0.2771,                0.94507,                0.81146,                0.57547,                0.69055,                0.44035,                 1.4063,                 1.3791,                 1.6472,             0.00013138,             0.00013138,             0.00013138
                    154,                0.48672,                0.26966,                0.94252,                 0.7271,                0.62209,                0.69261,                0.44609,                 1.4377,                 1.3942,                 1.6905,               0.000119,               0.000119,               0.000119
                    155,                0.49198,                0.26954,                0.93173,                0.79942,                0.57311,                0.69941,                 0.4518,                 1.4357,                 1.4144,                 1.6928,             0.00010662,             0.00010662,             0.00010662
                    156,                0.46987,                0.26257,                0.91856,                0.71718,                0.63915,                0.70672,                0.45356,                  1.407,                  1.359,                 1.6731,              9.425e-05,              9.425e-05,              9.425e-05
                    157,                0.46546,                0.25869,                0.92284,                0.77281,                0.59368,                0.70251,                 0.4463,                 1.4039,                 1.4265,                 1.6531,             8.1875e-05,             8.1875e-05,             8.1875e-05
                    158,                0.46809,                0.26198,                 0.9215,                0.76929,                0.60142,                0.70088,                0.44971,                 1.4015,                 1.4601,                 1.6489,               6.95e-05,               6.95e-05,               6.95e-05
                    159,                0.46227,                0.26082,                0.91498,                0.74029,                0.62028,                0.70569,                0.45049,                  1.398,                 1.4178,                 1.6492,             5.7125e-05,             5.7125e-05,             5.7125e-05
                    160,                0.45761,                0.25438,                  0.923,                0.74764,                0.60092,                0.69668,                0.44899,                 1.4039,                 1.3667,                 1.6691,              4.475e-05,              4.475e-05,              4.475e-05
